label,alpha,sequence,length,net_charge,hydrophobicity,hydrophobic_moment
is_anti_gram_positive,-2.0,GLIDTIKSIASAF,13,0.0,1.0461538461538462,1.7165371459847785
is_anti_gram_positive,-1.0,GFGDFAKGVAKHIASHF,17,1.2000000000000002,0.16470588235294117,1.4434833876966642
is_anti_gram_positive,0.0,GLLSLLSKIGKTAKGGWAAILKP,23,4.0,0.4956521739130434,1.2248055253206644
is_anti_gram_positive,1.0,GLPSIVSTLFGGLISKSL,18,1.0,1.1444444444444446,0.764503922505972
is_anti_gram_positive,2.0,WIPKLFKKVTKKV,13,5.0,-0.24615384615384617,2.2116880868148567
is_anti_gram_negative,-2.0,GFGSKLWEGYKSNIHS,16,1.1,-0.7937500000000001,0.9356785198030125
is_anti_gram_negative,-1.0,FLSLIPHAINAVSAIAKHL,19,1.2000000000000002,1.1631578947368424,1.7647029689444398
is_anti_gram_negative,0.0,GIGPILKKLKSALKGGIQGL,20,4.0,0.3500000000000001,1.7795684242084384
is_anti_gram_negative,1.0,GLFSLIKKAIKAL,13,3.0,1.0692307692307692,1.9781776289530897
is_anti_gram_negative,2.0,GLGSIFSKIAKAL,13,2.0,0.9846153846153847,1.845104989020079
is_antifungal,-2.0,FLPIIGKLLTGLL,13,1.0,1.8307692307692311,1.7541296151757264
is_antifungal,-1.0,GLSDIIKKIASEIKSWGQNLLK,22,2.0,-0.1136363636363637,1.8486501818397558
is_antifungal,0.0,GFGSFLPDIAGMMVHVISKLFNK,23,1.1,0.7217391304347827,1.5437885740111852
is_antifungal,1.0,IWWKLLKAAAKFW,13,3.0,0.4538461538461538,1.3961763764920958
is_antifungal,2.0,GLWEKIKEAASELASNIVGGISAGPAL,27,-1.0,0.362962962962963,1.0842252431126922
is_antiviral,-2.0,WKKQKPATVESYFYKKGP,18,4.0,-1.461111111111111,0.29240522063501806
is_antiviral,-1.0,GLLSALSLAGKLL,13,1.0,1.5461538461538462,1.2581652026618444
is_antiviral,0.0,GLFDIIKKVAGEI,13,0.0,0.8076923076923077,2.1004996161561578
is_antiviral,1.0,GIWELLKAAAKGGKSILSVLPS,22,2.0,0.5681818181818181,1.5865157398862586
is_antiviral,2.0,GLGSFLGKALGYIAKNL,17,2.0,0.6529411764705881,1.5924198466076334
is_antiparasitic,-2.0,GILSFLHHGVKNAKHIL,17,2.3000000000000003,0.39411764705882346,1.810929456266182
is_antiparasitic,-1.0,GILDILKGAAKGILHSVFGDLAS,23,0.10000000000000009,0.8652173913043479,1.178096553663299
is_antiparasitic,0.0,FLSMIPHVISGVAALAKHL,19,1.2000000000000002,1.3157894736842106,1.6797560429258973
is_antiparasitic,1.0,GLLDSIKSAAKGLLKSLL,18,2.0,0.6944444444444444,1.6499675341721602
is_antiparasitic,2.0,GFGSFVKGVAKEIASKV,17,2.0,0.4882352941176471,1.4772979829257202
is_anticancer,-2.0,GFWGKLWEGVKDIA,14,0.0,-0.049999999999999996,1.6610503380257686
is_anticancer,-1.0,ILPIFLKKFWKGF,13,3.0,0.7999999999999999,1.4366117013353799
is_anticancer,0.0,GLWNKIAEGVGDIAANVLGILS,22,-1.0,0.7954545454545453,1.568026994878818
is_anticancer,1.0,GIGEKIIGMIAAGFKAISRLQ,21,2.0,0.7,1.3168870920642175
is_anticancer,2.0,ILPAIPNVLKSLL,13,1.0,1.446153846153846,2.1065047415533273
